,Unnamed: 0,product_category,revenue,share
0,0,Coffee,247297.65,38.131852378647615
1,1,Tea,180055.0,27.763428726627193
2,2,Bakery,82506.13,12.72196306553463
3,3,Drinking Chocolate,66388.5,10.236718713824605
4,4,Coffee beans,37294.85,5.750647912278204
5,5,Branded,12548.0,1.9348282672612147
6,6,Loose Tea,10457.75,1.6125239330531533
7,7,Flavours,7833.6,1.2078953390514386
8,8,Packaged Chocolate,4151.53,0.6401416637219437
